,Demanda,Date
0,135497872.81,2015-01-01
1,157184369.2,2015-01-02
2,157588426.45,2015-01-03
3,148230033.41,2015-01-04
4,169400529.85,2015-01-05
5,172672920.35,2015-01-06
6,174365674.47,2015-01-07
7,174756240.01,2015-01-08
8,175853733.81,2015-01-09
9,168105443.22,2015-01-10
10,152259208.85,2015-01-11
11,155328081.47,2015-01-12
12,177572208.25,2015-01-13
13,180868418.47,2015-01-14
14,180611289.47,2015-01-15
15,182462964.48,2015-01-16
16,171703166.92,2015-01-17
17,153875311.54,2015-01-18
18,179068655.07,2015-01-19
19,181119941.92,2015-01-20
20,180734794.51,2015-01-21
21,179590226.58,2015-01-22
22,180120311.32,2015-01-23
23,171656237.26,2015-01-24
24,155457530.42,2015-01-25
25,181631885.41,2015-01-26
26,185036978.04,2015-01-27
27,184190405.73,2015-01-28
28,184650584.51,2015-01-29
29,185044072.05,2015-01-30
30,173018578.91,2015-01-31
0,154861964.34,2015-02-01
1,180603273.47,2015-02-02
2,183139670.52,2015-02-03
3,186048383.17,2015-02-04
4,187310638.98,2015-02-05
5,186336308.5,2015-02-06
6,174480918.23,2015-02-07
7,154603590.01,2015-02-08
8,179343592.85,2015-02-09
9,182971633.71,2015-02-10
10,183151744.38,2015-02-11
11,183639378.94,2015-02-12
12,186982101.99,2015-02-13
13,175975770.87,2015-02-14
14,157288718.01,2015-02-15
15,183426052.11,2015-02-16
16,186425508.07,2015-02-17
17,189117359.71,2015-02-18
18,188217535.75,2015-02-19
19,187828056.37,2015-02-20
20,178402643.83,2015-02-21
21,161124161.64,2015-02-22
22,185674086.08,2015-02-23
23,188684117.34,2015-02-24
24,188195393.64,2015-02-25
25,187336904.56,2015-02-26
26,188530281.94,2015-02-27
27,178613932.36,2015-02-28
0,158212666.12,2015-03-01
1,182514903.4,2015-03-02
2,186547724.25,2015-03-03
3,187348366.47,2015-03-04
4,188029002.17,2015-03-05
5,186590594.84,2015-03-06
6,175496611.98,2015-03-07
7,157438093.41,2015-03-08
8,185107712.43,2015-03-09
9,188202573.1,2015-03-10
10,190684586.42,2015-03-11
11,190652307.69,2015-03-12
12,189263846.99,2015-03-13
13,178038241.79,2015-03-14
14,158588266.42,2015-03-15
15,182815620.23,2015-03-16
16,184337085.74,2015-03-17
17,180960635.19,2015-03-18
18,179712202.09,2015-03-19
19,179324152.61,2015-03-20
20,171181692.73,2015-03-21
21,153687955.27,2015-03-22
22,158230341.14,2015-03-23
23,182774757.51,2015-03-24
24,184836940.36,2015-03-25
25,186689757.27,2015-03-26
26,189296030.08,2015-03-27
27,180053186.63,2015-03-28
28,158023222.28,2015-03-29
29,178171046.82,2015-03-30
30,180567280.25,2015-03-31
0,176783930.69,2015-04-01
1,150698670.05,2015-04-02
2,140446568.84,2015-04-03
3,154013446.2,2015-04-04
4,150685496.37,2015-04-05
5,180245410.42,2015-04-06
6,183822859.3,2015-04-07
7,183433435.35,2015-04-08
8,185114471.56,2015-04-09
9,188419974.16,2015-04-10
10,176395420.32,2015-04-11
11,158300648.59,2015-04-12
12,183119081.54,2015-04-13
13,185944777.08,2015-04-14
14,185495583.3,2015-04-15
15,182753991.65,2015-04-16
16,180522407.5,2015-04-17
17,172315966.29,2015-04-18
18,152522547.56,2015-04-19
19,178988282.76,2015-04-20
20,181494282.41,2015-04-21
21,185257552.36,2015-04-22
22,185579899.06,2015-04-23
23,187458000.42,2015-04-24
24,176857411.08,2015-04-25
25,159248392.58,2015-04-26
26,186982888.14,2015-04-27
27,189623159.48,2015-04-28
28,189273733.55,2015-04-29
29,186267835.53,2015-04-30
0,162125058.97,2015-05-01
1,168781386.61,2015-05-02
2,157909240.09,2015-05-03
3,184964336.09,2015-05-04
4,191179568.8,2015-05-05
5,191955217.69,2015-05-06
6,192618861.67,2015-05-07
7,192735609.97,2015-05-08
8,182886347.16,2015-05-09
9,162459148.71,2015-05-10
10,192658287.11,2015-05-11
11,197408270.14,2015-05-12
12,196449898.04,2015-05-13
13,193925344.33,2015-05-14
14,190142179.45,2015-05-15
15,179462898.38,2015-05-16
16,157344589.84,2015-05-17
17,161876120.91,2015-05-18
18,186395637.81,2015-05-19
19,190493819.97,2015-05-20
20,189949406.63,2015-05-21
21,188744284.62,2015-05-22
22,180713308.3,2015-05-23
23,163367354.02,2015-05-24
24,184923561.51,2015-05-25
25,189572792.93,2015-05-26
26,189432053.92,2015-05-27
27,186277054.59,2015-05-28
28,184239424.09,2015-05-29
29,174094792.01,2015-05-30
30,157817601.38,2015-05-31
0,183717835.23,2015-06-01
1,185733191.83,2015-06-02
2,187823749.42,2015-06-03
3,190011277.04,2015-06-04
4,187955223.35,2015-06-05
5,179042031.4,2015-06-06
6,157367973.59,2015-06-07
7,158320451.91,2015-06-08
8,181601731.0,2015-06-09
9,185381418.3,2015-06-10
10,186852646.06,2015-06-11
11,190108345.27,2015-06-12
12,179411006.35,2015-06-13
13,159995739.64,2015-06-14
14,162173484.34,2015-06-15
15,188188427.73,2015-06-16
16,191202041.66,2015-06-17
17,192508380.17,2015-06-18
18,192749874.57,2015-06-19
19,181834448.27,2015-06-20
20,161933841.16,2015-06-21
21,186487586.72,2015-06-22
22,189497249.25,2015-06-23
23,191113753.55,2015-06-24
24,191333447.27,2015-06-25
25,190387998.43,2015-06-26
26,178442388.63,2015-06-27
27,157723363.73,2015-06-28
28,160928487.33,2015-06-29
29,184098146.65,2015-06-30
0,188125395.41,2015-07-01
1,188377110.11,2015-07-02
2,189924332.18,2015-07-03
3,181132661.29,2015-07-04
4,161771544.21,2015-07-05
5,185495769.72,2015-07-06
6,186304445.45,2015-07-07
7,187790966.5,2015-07-08
8,190041877.53,2015-07-09
9,190526824.23,2015-07-10
10,180965586.88,2015-07-11
11,162308096.62,2015-07-12
12,188659894.75,2015-07-13
13,191246924.35,2015-07-14
14,188193662.16,2015-07-15
15,188318074.72,2015-07-16
16,189080883.72,2015-07-17
17,177031082.12,2015-07-18
18,156534275.87,2015-07-19
19,158706091.51,2015-07-20
20,184306607.81,2015-07-21
21,187693516.08,2015-07-22
22,186681198.53,2015-07-23
23,188472344.14,2015-07-24
24,179990889.44,2015-07-25
25,163033425.42,2015-07-26
26,188247458.42,2015-07-27
27,190763618.08,2015-07-28
28,191441049.91,2015-07-29
29,189148496.08,2015-07-30
30,188914365.92,2015-07-31
0,179232579.01,2015-08-01
1,162497327.32,2015-08-02
2,188696884.46,2015-08-03
3,191416990.7,2015-08-04
4,193943431.15,2015-08-05
5,193642835.31,2015-08-06
6,174411931.09,2015-08-07
7,173706830.34,2015-08-08
8,155626322.17,2015-08-09
9,185028461.71,2015-08-10
10,187751174.47,2015-08-11
11,193066747.49,2015-08-12
12,191571854.19,2015-08-13
13,192036383.43,2015-08-14
14,180830134.81,2015-08-15
15,160103490.96,2015-08-16
16,163501003.69,2015-08-17
17,187294147.21,2015-08-18
18,193463952.36,2015-08-19
19,194573925.35,2015-08-20
20,194076595.27,2015-08-21
21,184220285.02,2015-08-22
22,165119711.18,2015-08-23
23,190032158.94,2015-08-24
24,192631671.31,2015-08-25
25,190880851.1,2015-08-26
26,193128604.84,2015-08-27
27,194656806.9,2015-08-28
28,186605536.35,2015-08-29
29,165937169.49,2015-08-30
30,191668104.15,2015-08-31
0,193180567.54,2015-09-01
1,195368382.67,2015-09-02
2,194930671.9,2015-09-03
3,197431032.58,2015-09-04
4,188205671.59,2015-09-05
5,166151567.06,2015-09-06
6,193319545.66,2015-09-07
7,198364619.3,2015-09-08
8,197295873.87,2015-09-09
9,195267746.76,2015-09-10
10,188499099.58,2015-09-11
11,180657768.22,2015-09-12
12,165209166.73,2015-09-13
13,194549214.5,2015-09-14
14,198271938.1,2015-09-15
15,199068989.01,2015-09-16
16,195142121.49,2015-09-17
17,193065650.8,2015-09-18
18,182369927.85,2015-09-19
19,163248515.53,2015-09-20
20,191756312.22,2015-09-21
21,197422875.57,2015-09-22
22,197170570.45,2015-09-23
23,195387748.46,2015-09-24
24,197779541.22,2015-09-25
25,186350168.77,2015-09-26
26,169062088.3,2015-09-27
27,196383946.51,2015-09-28
28,197881155.89,2015-09-29
29,192408150.64,2015-09-30
0,188370629.45,2015-10-01
1,189647953.36,2015-10-02
2,182669557.39,2015-10-03
3,164454760.88,2015-10-04
4,193982333.51,2015-10-05
5,197731459.02,2015-10-06
6,196191665.52,2015-10-07
7,196208431.18,2015-10-08
8,196162519.24,2015-10-09
9,183531341.72,2015-10-10
10,160000562.27,2015-10-11
11,163128240.86,2015-10-12
12,190239206.4,2015-10-13
13,188234782.67,2015-10-14
14,189410002.55,2015-10-15
15,191309450.29,2015-10-16
16,183781168.83,2015-10-17
17,165952702.59,2015-10-18
18,191648416.72,2015-10-19
19,195411989.27,2015-10-20
20,194981898.42,2015-10-21
21,197243753.55,2015-10-22
22,195564776.39,2015-10-23
23,179488741.48,2015-10-24
24,155971319.85,2015-10-25
25,183533318.29,2015-10-26
26,189456890.47,2015-10-27
27,192459874.57,2015-10-28
28,193237112.14,2015-10-29
29,192398882.36,2015-10-30
30,180323060.12,2015-10-31
0,159112433.99,2015-11-01
1,158958622.97,2015-11-02
2,184051497.2,2015-11-03
3,187329458.55,2015-11-04
4,186094447.41,2015-11-05
5,189404321.19,2015-11-06
6,179881346.56,2015-11-07
7,161404783.44,2015-11-08
8,185689608.2,2015-11-09
9,188704793.04,2015-11-10
10,189129078.86,2015-11-11
11,191897983.45,2015-11-12
12,191365309.32,2015-11-13
13,181069447.79,2015-11-14
14,161698972.78,2015-11-15
15,163213576.33,2015-11-16
16,183678625.73,2015-11-17
17,184639676.49,2015-11-18
18,187076185.98,2015-11-19
19,189440617.52,2015-11-20
20,179867908.98,2015-11-21
21,163714292.33,2015-11-22
22,187876334.5,2015-11-23
23,190539707.98,2015-11-24
24,192742580.95,2015-11-25
25,194306804.01,2015-11-26
26,193355718.93,2015-11-27
27,179995845.62,2015-11-28
28,164449082.14,2015-11-29
29,190503756.77,2015-11-30
0,193409601.06,2015-12-01
1,195406480.6,2015-12-02
2,195774068.09,2015-12-03
3,194091269.88,2015-12-04
4,185219786.79,2015-12-05
5,168938236.96,2015-12-06
6,187683193.06,2015-12-07
7,170783343.12,2015-12-08
8,195728474.17,2015-12-09
9,196252037.82,2015-12-10
10,197929099.95,2015-12-11
11,185826222.03,2015-12-12
12,170156477.51,2015-12-13
13,191925875.5,2015-12-14
14,192387720.96,2015-12-15
15,194260611.64,2015-12-16
16,193570952.93,2015-12-17
17,193894554.08,2015-12-18
18,182825990.21,2015-12-19
19,169166997.89,2015-12-20
20,190256851.95,2015-12-21
21,191897371.7,2015-12-22
22,190816363.22,2015-12-23
23,174873939.93,2015-12-24
24,150232158.4,2015-12-25
25,168101670.97,2015-12-26
26,162763385.57,2015-12-27
27,182124493.7,2015-12-28
28,184491585.83,2015-12-29
29,183968574.14,2015-12-30
30,168046410.83,2015-12-31
0,143210319.23,2016-01-01
1,154423132.89,2016-01-02
2,152851698.04,2016-01-03
3,175539128.78,2016-01-04
4,181763094.31,2016-01-05
5,183416377.32,2016-01-06
6,184174617.83,2016-01-07
7,186399084.91,2016-01-08
8,177592998.71,2016-01-09
9,158644525.66,2016-01-10
10,160876742.72,2016-01-11
11,184301660.6,2016-01-12
12,188414115.66,2016-01-13
13,190001690.2,2016-01-14
14,191616727.31,2016-01-15
15,180409491.88,2016-01-16
16,163656659.23,2016-01-17
17,188489325.14,2016-01-18
18,191535006.39,2016-01-19
19,192685493.61,2016-01-20
20,193053129.57,2016-01-21
21,195951353.19,2016-01-22
22,184129735.27,2016-01-23
23,164903793.47,2016-01-24
24,189065790.27,2016-01-25
25,192060169.17,2016-01-26
26,194375008.28,2016-01-27
27,195858653.63,2016-01-28
28,195931116.55,2016-01-29
29,183946145.8,2016-01-30
30,164457079.37,2016-01-31
0,190360745.92,2016-02-01
1,194921158.31,2016-02-02
2,195971465.61,2016-02-03
3,194786505.35,2016-02-04
4,191807679.87,2016-02-05
5,181975028.96,2016-02-06
6,164839000.64,2016-02-07
7,189032606.2,2016-02-08
8,192714479.92,2016-02-09
9,192541508.17,2016-02-10
10,193593428.23,2016-02-11
11,194004140.48,2016-02-12
12,183140778.35,2016-02-13
13,164746621.33,2016-02-14
14,192093024.86,2016-02-15
15,196549433.57,2016-02-16
16,197060642.56,2016-02-17
17,197509486.24,2016-02-18
18,195577865.12,2016-02-19
19,185873932.42,2016-02-20
20,164544604.24,2016-02-21
21,189663425.73,2016-02-22
22,195049409.64,2016-02-23
23,196455757.46,2016-02-24
24,194416857.47,2016-02-25
25,193646445.48,2016-02-26
26,183512626.6,2016-02-27
27,166484276.6,2016-02-28
0,193415568.54,2016-03-01
1,191792969.23,2016-03-02
2,194335456.95,2016-03-03
3,193751961.83,2016-03-04
4,185104905.18,2016-03-05
5,165773080.51,2016-03-06
6,190558370.91,2016-03-07
7,190882801.37,2016-03-08
8,188221719.07,2016-03-09
9,188025783.75,2016-03-10
10,187118415.26,2016-03-11
11,178438739.21,2016-03-12
12,159380817.89,2016-03-13
13,183998798.44,2016-03-14
14,186024868.3,2016-03-15
15,188594257.59,2016-03-16
16,187500749.86,2016-03-17
17,187560353.28,2016-03-18
18,179674724.73,2016-03-19
19,161652507.07,2016-03-20
20,164560336.26,2016-03-21
21,180219927.25,2016-03-22
22,178000791.01,2016-03-23
23,155690557.3,2016-03-24
24,146908053.06,2016-03-25
25,160351727.86,2016-03-26
26,156523114.21,2016-03-27
27,183218444.0,2016-03-28
28,188186279.34,2016-03-29
29,186372959.72,2016-03-30
30,185214826.73,2016-03-31
0,183303444.45,2016-04-01
1,171977100.37,2016-04-02
2,154467048.02,2016-04-03
3,180148493.04,2016-04-04
4,184097227.53,2016-04-05
5,184796276.9,2016-04-06
6,186686884.81,2016-04-07
7,188485955.09,2016-04-08
8,175635865.75,2016-04-09
9,159223509.35,2016-04-10
10,184123738.59,2016-04-11
11,182510167.42,2016-04-12
12,181197138.71,2016-04-13
13,184385880.28,2016-04-14
14,187887617.85,2016-04-15
15,179045474.73,2016-04-16
16,158439882.52,2016-04-17
17,184671040.46,2016-04-18
18,186992789.35,2016-04-19
19,188183982.29,2016-04-20
20,189709243.49,2016-04-21
21,190115154.16,2016-04-22
22,179397131.13,2016-04-23
23,157168651.6,2016-04-24
24,181077733.14,2016-04-25
25,186507657.88,2016-04-26
26,185574057.87,2016-04-27
27,183421683.2,2016-04-28
28,183861429.58,2016-04-29
29,173848254.69,2016-04-30
0,152514098.48,2016-05-01
1,176680457.47,2016-05-02
2,180137761.39,2016-05-03
3,184259946.33,2016-05-04
4,187340010.13,2016-05-05
5,186401327.78,2016-05-06
6,174006920.3,2016-05-07
7,150713769.07,2016-05-08
8,154323551.73,2016-05-09
9,174680789.46,2016-05-10
10,182389356.52,2016-05-11
11,187661248.84,2016-05-12
12,189985403.95,2016-05-13
13,180500615.33,2016-05-14
14,163030814.67,2016-05-15
15,187796558.81,2016-05-16
16,190890507.46,2016-05-17
17,190355243.63,2016-05-18
18,192160825.3,2016-05-19
19,194499599.73,2016-05-20
20,184434032.44,2016-05-21
21,165879668.66,2016-05-22
22,190645638.94,2016-05-23
23,192727954.26,2016-05-24
24,190613722.83,2016-05-25
25,185947542.51,2016-05-26
26,186682313.99,2016-05-27
27,177778289.51,2016-05-28
28,154747966.13,2016-05-29
29,160619745.0,2016-05-30
30,179598584.08,2016-05-31
0,183194350.7,2016-06-01
1,183868664.37,2016-06-02
2,183967420.24,2016-06-03
3,176970094.09,2016-06-04
4,159645123.06,2016-06-05
5,161898205.05,2016-06-06
6,182480771.98,2016-06-07
7,184489343.22,2016-06-08
8,185807293.82,2016-06-09
9,185426349.3,2016-06-10
10,177455823.64,2016-06-11
11,161524439.94,2016-06-12
12,183253627.61,2016-06-13
13,182045354.24,2016-06-14
14,183562965.53,2016-06-15
15,187515553.61,2016-06-16
16,188950295.3,2016-06-17
17,179026987.41,2016-06-18
18,157086124.81,2016-06-19
19,180793001.06,2016-06-20
20,182849359.25,2016-06-21
21,187491706.78,2016-06-22
22,187832514.97,2016-06-23
23,185502041.81,2016-06-24
24,174693384.24,2016-06-25
25,155614239.11,2016-06-26
26,185588493.65,2016-06-27
27,190306277.06,2016-06-28
28,191335767.05,2016-06-29
29,190467370.04,2016-06-30
0,185404774.16,2016-07-01
1,174537434.96,2016-07-02
2,154452353.14,2016-07-03
3,156337831.03,2016-07-04
4,182835851.25,2016-07-05
5,184520907.14,2016-07-06
6,186445142.44,2016-07-07
7,188941067.87,2016-07-08
8,179995543.49,2016-07-09
9,160441878.07,2016-07-10
10,184095723.91,2016-07-11
11,184478655.85,2016-07-12
12,184518686.6,2016-07-13
13,183824321.22,2016-07-14
14,181631832.19,2016-07-15
15,168621388.69,2016-07-16
16,152405887.3,2016-07-17
17,177219443.75,2016-07-18
18,182106221.37,2016-07-19
19,164462752.49,2016-07-20
20,181876995.81,2016-07-21
21,182732289.66,2016-07-22
22,175368166.57,2016-07-23
23,157297931.91,2016-07-24
24,180827919.08,2016-07-25
25,188999246.51,2016-07-26
26,188355040.56,2016-07-27
27,186255174.05,2016-07-28
28,187968374.8,2016-07-29
29,179434783.47,2016-07-30
30,161899087.3,2016-07-31
0,186696485.38,2016-08-01
1,188868611.16,2016-08-02
2,188710269.22,2016-08-03
3,186217577.22,2016-08-04
4,188145310.12,2016-08-05
5,183593820.14,2016-08-06
6,166549052.27,2016-08-07
7,191777936.98,2016-08-08
8,194858452.79,2016-08-09
9,192180565.57,2016-08-10
10,193037717.81,2016-08-11
11,192141431.55,2016-08-12
12,183755365.91,2016-08-13
13,162353857.54,2016-08-14
14,165431094.05,2016-08-15
15,190978596.73,2016-08-16
16,194726725.38,2016-08-17
17,194074492.7,2016-08-18
18,193795067.79,2016-08-19
19,185097506.15,2016-08-20
20,165394897.15,2016-08-21
21,191038876.97,2016-08-22
22,194715924.63,2016-08-23
23,195240425.95,2016-08-24
24,194194217.33,2016-08-25
25,187153038.41,2016-08-26
26,179246793.55,2016-08-27
27,161598302.84,2016-08-28
28,190648909.06,2016-08-29
29,191525977.94,2016-08-30
30,188444045.93,2016-08-31
0,184704132.7,2016-09-01
1,184730955.22,2016-09-02
2,178253838.89,2016-09-03
3,161443546.12,2016-09-04
4,184606033.65,2016-09-05
5,189409324.65,2016-09-06
6,186351605.68,2016-09-07
7,188563217.27,2016-09-08
8,191279651.64,2016-09-09
9,180827909.99,2016-09-10
10,161504864.38,2016-09-11
11,184267197.76,2016-09-12
12,188056031.61,2016-09-13
13,187819447.01,2016-09-14
14,187378823.58,2016-09-15
15,189850284.8,2016-09-16
16,182708645.73,2016-09-17
17,164713048.86,2016-09-18
18,188425230.92,2016-09-19
19,193464559.79,2016-09-20
20,189558562.55,2016-09-21
21,189140080.56,2016-09-22
22,190326344.97,2016-09-23
23,182342567.56,2016-09-24
24,163883641.54,2016-09-25
25,190215900.44,2016-09-26
26,193963488.06,2016-09-27
27,195601847.58,2016-09-28
28,195893276.48,2016-09-29
29,192583487.88,2016-09-30
0,171291065.71,2016-10-01
1,148796847.63,2016-10-02
2,180386967.9,2016-10-03
3,188835642.76,2016-10-04
4,188042692.87,2016-10-05
5,190714853.86,2016-10-06
6,188100962.68,2016-10-07
7,177670154.54,2016-10-08
8,159238087.1,2016-10-09
9,185683598.3,2016-10-10
10,189541173.5,2016-10-11
11,185959114.76,2016-10-12
12,188222740.45,2016-10-13
13,187393105.7,2016-10-14
14,180601417.23,2016-10-15
15,157174948.16,2016-10-16
16,161784142.02,2016-10-17
17,184369643.84,2016-10-18
18,190275421.3,2016-10-19
19,192263169.67,2016-10-20
20,193451077.57,2016-10-21
21,183987364.21,2016-10-22
22,163297967.5,2016-10-23
23,186616343.08,2016-10-24
24,186802677.45,2016-10-25
25,185340495.58,2016-10-26
26,187362671.61,2016-10-27
27,187346976.57,2016-10-28
28,174657237.68,2016-10-29
29,158784236.92,2016-10-30
30,183353152.67,2016-10-31
0,184574290.47,2016-11-01
1,183215126.74,2016-11-02
2,186978660.09,2016-11-03
3,188170192.43,2016-11-04
4,177711467.09,2016-11-05
5,158152236.59,2016-11-06
6,159716498.12,2016-11-07
7,184739574.3,2016-11-08
8,191932708.47,2016-11-09
9,193466263.41,2016-11-10
10,188646702.31,2016-11-11
11,178341778.75,2016-11-12
12,160514325.67,2016-11-13
13,162635435.0,2016-11-14
14,183309349.44,2016-11-15
15,187265262.39,2016-11-16
16,188874801.71,2016-11-17
17,189428287.14,2016-11-18
18,178579610.21,2016-11-19
19,156172594.43,2016-11-20
20,185182553.36,2016-11-21
21,189091943.56,2016-11-22
22,190234276.58,2016-11-23
23,192444237.91,2016-11-24
24,190372538.41,2016-11-25
25,179603342.35,2016-11-26
26,159826897.42,2016-11-27
27,184860130.33,2016-11-28
28,185951919.38,2016-11-29
29,188495354.28,2016-11-30
0,188188476.9,2016-12-01
1,186313700.69,2016-12-02
2,174295337.83,2016-12-03
3,159770897.38,2016-12-04
4,185300376.59,2016-12-05
5,189232375.37,2016-12-06
6,187863079.28,2016-12-07
7,167517585.32,2016-12-08
8,185739685.07,2016-12-09
9,178311009.19,2016-12-10
10,162655039.77,2016-12-11
11,188598453.62,2016-12-12
12,190598036.68,2016-12-13
13,193344712.66,2016-12-14
14,193853083.62,2016-12-15
15,191609012.49,2016-12-16
16,178982927.29,2016-12-17
17,163915476.11,2016-12-18
18,187546480.91,2016-12-19
19,187973415.55,2016-12-20
20,184721008.73,2016-12-21
21,184330955.53,2016-12-22
22,181611215.7,2016-12-23
23,163499585.45,2016-12-24
24,145859102.42,2016-12-25
25,174700683.96,2016-12-26
26,179090486.59,2016-12-27
27,180376020.87,2016-12-28
28,180015488.69,2016-12-29
29,174532412.82,2016-12-30
30,157634868.77,2016-12-31
0,139436497.67,2017-01-01
1,163705691.66,2017-01-02
2,174789369.69,2017-01-03
3,177216280.91,2017-01-04
4,177468401.18,2017-01-05
5,178746128.44,2017-01-06
6,171611350.43,2017-01-07
7,154409192.39,2017-01-08
8,154437184.49,2017-01-09
9,176844077.59,2017-01-10
10,180220035.33,2017-01-11
11,181888938.04,2017-01-12
12,182368547.46,2017-01-13
13,172553254.45,2017-01-14
14,154493265.44,2017-01-15
15,179771409.58,2017-01-16
16,183352154.54,2017-01-17
17,181450395.78,2017-01-18
18,183177483.15,2017-01-19
19,185417476.35,2017-01-20
20,174773085.36,2017-01-21
21,155956086.43,2017-01-22
22,180737262.85,2017-01-23
23,184601866.43,2017-01-24
24,186101465.16,2017-01-25
25,187663795.61,2017-01-26
26,188964953.77,2017-01-27
27,178606288.52,2017-01-28
28,162823531.63,2017-01-29
29,186650605.85,2017-01-30
30,187896558.52,2017-01-31
0,188245564.3,2017-02-01
1,190172644.45,2017-02-02
2,190260698.14,2017-02-03
3,181772647.35,2017-02-04
4,164925332.59,2017-02-05
5,190060700.37,2017-02-06
6,193815406.66,2017-02-07
7,195590109.99,2017-02-08
8,195571292.54,2017-02-09
9,192352764.61,2017-02-10
10,180098752.93,2017-02-11
11,163145845.82,2017-02-12
12,188235997.09,2017-02-13
13,189321758.65,2017-02-14
14,190549355.68,2017-02-15
15,192612019.63,2017-02-16
16,190278590.49,2017-02-17
17,180795236.85,2017-02-18
18,164731901.95,2017-02-19
19,189557828.0,2017-02-20
20,191690385.56,2017-02-21
21,190378013.55,2017-02-22
22,190601330.11,2017-02-23
23,191215096.27,2017-02-24
24,180751034.63,2017-02-25
25,161520369.89,2017-02-26
26,183774038.2,2017-02-27
27,186545141.68,2017-02-28
0,187504803.29,2017-03-01
1,189548887.29,2017-03-02
2,190361758.41,2017-03-03
3,177732821.29,2017-03-04
4,161458652.79,2017-03-05
5,186802766.73,2017-03-06
6,187494455.31,2017-03-07
7,184432331.41,2017-03-08
8,186639238.86,2017-03-09
9,187236750.55,2017-03-10
10,178476013.3,2017-03-11
11,156677367.74,2017-03-12
12,182301309.17,2017-03-13
13,185514548.91,2017-03-14
14,184730200.32,2017-03-15
15,186730823.05,2017-03-16
16,188940313.07,2017-03-17
17,178549426.44,2017-03-18
18,157387160.67,2017-03-19
19,160384700.73,2017-03-20
20,186138273.15,2017-03-21
21,188304972.36,2017-03-22
22,185455914.23,2017-03-23
23,183809675.48,2017-03-24
24,177686415.22,2017-03-25
25,157987167.95,2017-03-26
26,183824208.99,2017-03-27
27,188581518.23,2017-03-28
28,187006916.7,2017-03-29
29,185785916.25,2017-03-30
30,184270895.25,2017-03-31
0,176569713.04,2017-04-01
1,162597844.3,2017-04-02
2,189805549.62,2017-04-03
3,193251335.41,2017-04-04
4,195190480.63,2017-04-05
5,196176416.06,2017-04-06
6,196378334.46,2017-04-07
7,185609844.16,2017-04-08
8,165295940.17,2017-04-09
9,185238277.05,2017-04-10
10,187427804.63,2017-04-11
11,183593271.59,2017-04-12
12,159228787.33,2017-04-13
13,148456545.23,2017-04-14
14,161754990.9,2017-04-15
15,159429852.6,2017-04-16
16,185081349.17,2017-04-17
17,192222963.59,2017-04-18
18,189281581.07,2017-04-19
19,185905612.92,2017-04-20
20,188378412.65,2017-04-21
21,184513869.35,2017-04-22
22,168644303.48,2017-04-23
23,190404077.46,2017-04-24
24,192802757.23,2017-04-25
25,190764639.23,2017-04-26
26,193906338.64,2017-04-27
27,195594546.93,2017-04-28
28,185439915.1,2017-04-29
29,162286730.55,2017-04-30
0,162163179.82,2017-05-01
1,186459655.84,2017-05-02
2,189598808.26,2017-05-03
3,193683034.97,2017-05-04
4,192208896.32,2017-05-05
5,179602302.57,2017-05-06
6,160454276.39,2017-05-07
7,183994707.17,2017-05-08
8,186049402.9,2017-05-09
9,186002243.59,2017-05-10
10,185908351.04,2017-05-11
11,184681720.5,2017-05-12
12,178499814.43,2017-05-13
13,159402557.27,2017-05-14
14,186118853.47,2017-05-15
15,187862881.99,2017-05-16
16,189787210.57,2017-05-17
17,192848382.78,2017-05-18
18,196112790.56,2017-05-19
19,184054613.44,2017-05-20
20,165093781.63,2017-05-21
21,187665234.89,2017-05-22
22,191365568.39,2017-05-23
23,193710864.72,2017-05-24
24,196526359.29,2017-05-25
25,194110772.18,2017-05-26
26,182132174.08,2017-05-27
27,162627417.37,2017-05-28
28,162744996.15,2017-05-29
29,188784771.97,2017-05-30
30,191655510.34,2017-05-31
0,191049455.38,2017-06-01
1,194432070.35,2017-06-02
2,186906489.67,2017-06-03
3,167919394.63,2017-06-04
4,190528546.97,2017-06-05
5,194717250.25,2017-06-06
6,193039270.76,2017-06-07
7,188061179.06,2017-06-08
8,189810823.14,2017-06-09
9,184453335.34,2017-06-10
10,166418914.92,2017-06-11
11,185147861.89,2017-06-12
12,187077478.53,2017-06-13
13,189039380.92,2017-06-14
14,186963840.68,2017-06-15
15,189234461.77,2017-06-16
16,178300334.97,2017-06-17
17,156750861.79,2017-06-18
18,160254582.04,2017-06-19
19,186131736.79,2017-06-20
20,185746444.11,2017-06-21
21,188600634.09,2017-06-22
22,189642728.35,2017-06-23
23,181699855.32,2017-06-24
24,161206456.14,2017-06-25
25,161289392.95,2017-06-26
26,186574456.3,2017-06-27
27,190011918.65,2017-06-28
28,191443974.1,2017-06-29
29,190413921.92,2017-06-30
0,180967054.32,2017-07-01
1,161607183.99,2017-07-02
2,158537732.37,2017-07-03
3,186284974.02,2017-07-04
4,188961389.55,2017-07-05
5,189285937.59,2017-07-06
6,193105617.62,2017-07-07
7,184297605.43,2017-07-08
8,165302375.27,2017-07-09
9,190769675.88,2017-07-10
10,190015275.02,2017-07-11
11,185507123.9,2017-07-12
12,190513044.65,2017-07-13
13,191269626.5,2017-07-14
14,179963227.27,2017-07-15
15,159828027.66,2017-07-16
16,188089578.62,2017-07-17
17,192432627.36,2017-07-18
18,190259422.09,2017-07-19
19,167859557.6,2017-07-20
20,186508032.96,2017-07-21
21,181909229.91,2017-07-22
22,164038238.47,2017-07-23
23,192482219.46,2017-07-24
24,194133947.97,2017-07-25
25,193687260.41,2017-07-26
26,195468507.83,2017-07-27
27,194348789.68,2017-07-28
28,183647097.31,2017-07-29
29,161944589.98,2017-07-30
30,181985548.37,2017-07-31
0,186983236.72,2017-08-01
1,191801725.27,2017-08-02
2,195905010.27,2017-08-03
3,192175503.23,2017-08-04
4,178990959.11,2017-08-05
5,163651589.01,2017-08-06
6,169151898.75,2017-08-07
7,194457529.42,2017-08-08
8,192222291.06,2017-08-09
9,192151930.98,2017-08-10
10,192622644.59,2017-08-11
11,181626417.84,2017-08-12
12,165317655.11,2017-08-13
13,193964723.27,2017-08-14
14,197388542.39,2017-08-15
15,193851582.42,2017-08-16
16,198289105.73,2017-08-17
17,197539198.07,2017-08-18
18,183173472.67,2017-08-19
19,161516954.78,2017-08-20
20,164862519.82,2017-08-21
21,190941913.89,2017-08-22
22,192943466.51,2017-08-23
23,192062772.98,2017-08-24
24,192548802.3,2017-08-25
25,183877469.26,2017-08-26
26,165886212.55,2017-08-27
27,189057627.43,2017-08-28
28,190662724.53,2017-08-29
29,190895009.42,2017-08-30
30,192798974.26,2017-08-31
0,194972503.16,2017-09-01
1,186164762.94,2017-09-02
2,165691847.49,2017-09-03
3,193267256.93,2017-09-04
4,196535470.46,2017-09-05
5,195867914.06,2017-09-06
6,192821553.62,2017-09-07
7,189508960.47,2017-09-08
8,176490803.09,2017-09-09
9,159909974.64,2017-09-10
10,188432491.1,2017-09-11
11,193075543.35,2017-09-12
12,192540271.4,2017-09-13
13,193207633.04,2017-09-14
14,193736421.07,2017-09-15
15,185141061.86,2017-09-16
16,161427759.14,2017-09-17
17,188976343.15,2017-09-18
18,194252416.87,2017-09-19
19,196671463.47,2017-09-20
20,197009019.22,2017-09-21
21,196814168.53,2017-09-22
22,183565087.81,2017-09-23
23,166287353.22,2017-09-24
24,190124381.57,2017-09-25
25,192214632.08,2017-09-26
26,195598050.52,2017-09-27
27,193624211.87,2017-09-28
28,191150116.93,2017-09-29
29,178499551.35,2017-09-30
0,161490152.51,2017-10-01
1,186530235.29,2017-10-02
2,190188440.99,2017-10-03
3,187698153.26,2017-10-04
4,186684500.71,2017-10-05
5,186473702.33,2017-10-06
6,181180530.24,2017-10-07
7,166653153.27,2017-10-08
8,190037803.89,2017-10-09
9,193142492.88,2017-10-10
10,191911479.55,2017-10-11
11,195123519.98,2017-10-12
12,196421746.96,2017-10-13
13,184362719.79,2017-10-14
14,164654428.07,2017-10-15
15,171836302.14,2017-10-16
16,198427889.13,2017-10-17
17,200785868.68,2017-10-18
18,199088555.26,2017-10-19
19,199889336.56,2017-10-20
20,189299802.04,2017-10-21
21,166748594.65,2017-10-22
22,188900787.26,2017-10-23
23,189457072.2,2017-10-24
24,188446820.06,2017-10-25
25,189745194.56,2017-10-26
26,189380487.97,2017-10-27
27,178231985.96,2017-10-28
28,157773302.41,2017-10-29
29,183622151.49,2017-10-30
30,186158211.09,2017-10-31
0,189833960.04,2017-11-01
1,193261215.66,2017-11-02
2,193461394.21,2017-11-03
3,182696844.08,2017-11-04
4,161990186.53,2017-11-05
5,164935337.08,2017-11-06
6,190120192.69,2017-11-07
7,191909410.11,2017-11-08
8,191870131.85,2017-11-09
9,192299836.54,2017-11-10
10,182445231.51,2017-11-11
11,164966476.55,2017-11-12
12,169244791.27,2017-11-13
13,188643864.88,2017-11-14
14,188252921.13,2017-11-15
15,191103695.68,2017-11-16
16,190911307.0,2017-11-17
17,179342439.57,2017-11-18
18,162100797.4,2017-11-19
19,188245074.96,2017-11-20
20,192798568.25,2017-11-21
21,193669624.45,2017-11-22
22,194887236.28,2017-11-23
23,193268911.87,2017-11-24
24,183778453.3,2017-11-25
25,167933854.04,2017-11-26
26,195011230.05,2017-11-27
27,197276440.55,2017-11-28
28,198385128.91,2017-11-29
29,198102724.88,2017-11-30
0,193867755.62,2017-12-01
1,184410423.48,2017-12-02
2,167347997.76,2017-12-03
3,193020683.37,2017-12-04
4,196944345.6,2017-12-05
5,197102035.16,2017-12-06
6,195157628.45,2017-12-07
7,173667318.41,2017-12-08
8,179626389.69,2017-12-09
9,167235973.82,2017-12-10
10,190846461.86,2017-12-11
11,192678162.97,2017-12-12
12,190813959.71,2017-12-13
13,193025223.99,2017-12-14
14,193830392.88,2017-12-15
15,183468074.43,2017-12-16
16,166920144.58,2017-12-17
17,191051822.6,2017-12-18
18,194905297.67,2017-12-19
19,194270481.08,2017-12-20
20,194812145.31,2017-12-21
21,192144587.11,2017-12-22
22,180864559.69,2017-12-23
23,162496294.44,2017-12-24
24,149592028.02,2017-12-25
25,179631414.31,2017-12-26
26,183483662.05,2017-12-27
27,183511898.83,2017-12-28
28,180374845.74,2017-12-29
29,169260812.15,2017-12-30
30,155203676.64,2017-12-31
0,139833781.18,2018-01-01
1,163233839.1,2018-01-02
2,173741589.65,2018-01-03
3,178113406.47,2018-01-04
4,180863676.26,2018-01-05
5,173082407.05,2018-01-06
6,158041957.03,2018-01-07
7,161586254.95,2018-01-08
8,181733238.74,2018-01-09
9,183708309.78,2018-01-10
10,188315713.26,2018-01-11
11,188678035.28,2018-01-12
12,178845517.23,2018-01-13
13,163656338.8,2018-01-14
14,187413460.73,2018-01-15
15,189488797.71,2018-01-16
16,189486617.53,2018-01-17
17,188881551.55,2018-01-18
18,191043918.09,2018-01-19
19,182522767.86,2018-01-20
20,165617985.15,2018-01-21
21,191494032.27,2018-01-22
22,194183295.25,2018-01-23
23,193277817.95,2018-01-24
24,195085926.78,2018-01-25
25,195243150.9,2018-01-26
26,185789762.12,2018-01-27
27,167495642.28,2018-01-28
28,194175053.62,2018-01-29
29,196781820.68,2018-01-30
30,197163419.17,2018-01-31
0,195841302.23,2018-02-01
1,194678078.57,2018-02-02
2,183889868.47,2018-02-03
3,165716754.15,2018-02-04
4,189024891.75,2018-02-05
5,192691747.03,2018-02-06
6,193863284.68,2018-02-07
7,195208520.51,2018-02-08
8,194976959.63,2018-02-09
9,184091799.81,2018-02-10
10,166997955.34,2018-02-11
11,188740249.28,2018-02-12
12,189781110.12,2018-02-13
13,191318554.8,2018-02-14
14,191593796.19,2018-02-15
15,194239229.47,2018-02-16
16,185168276.17,2018-02-17
17,166743329.98,2018-02-18
18,190075440.91,2018-02-19
19,192667872.12,2018-02-20
20,193511465.25,2018-02-21
21,191880099.49,2018-02-22
22,191109693.77,2018-02-23
23,180696271.96,2018-02-24
24,164069841.6,2018-02-25
25,188796144.96,2018-02-26
26,191470782.85,2018-02-27
27,190356916.18,2018-02-28
0,191669193.39,2018-03-01
1,192232319.16,2018-03-02
2,183070907.44,2018-03-03
3,164854108.96,2018-03-04
4,187460417.77,2018-03-05
5,190109416.95,2018-03-06
6,194625038.65,2018-03-07
7,195667524.86,2018-03-08
8,197501739.03,2018-03-09
9,189129927.67,2018-03-10
10,169828653.19,2018-03-11
11,198047441.18,2018-03-12
12,201763459.6,2018-03-13
13,202185847.78,2018-03-14
14,200732531.98,2018-03-15
15,200736742.44,2018-03-16
16,190721949.74,2018-03-17
17,170788551.04,2018-03-18
18,172841151.62,2018-03-19
19,194846697.16,2018-03-20
20,197113766.96,2018-03-21
21,198245113.65,2018-03-22
22,198174680.43,2018-03-23
23,185106110.27,2018-03-24
24,170159785.5,2018-03-25
25,193279883.46,2018-03-26
26,194349252.56,2018-03-27
27,188145520.84,2018-03-28
28,162415445.61,2018-03-29
29,151598397.94,2018-03-30
30,162844723.71,2018-03-31
0,157121781.52,2018-04-01
1,185720026.4,2018-04-02
2,188910504.97,2018-04-03
3,191176857.81,2018-04-04
4,191072434.29,2018-04-05
5,188945482.64,2018-04-06
6,182846650.04,2018-04-07
7,167443149.68,2018-04-08
8,191807747.56,2018-04-09
9,192362871.49,2018-04-10
10,190616613.62,2018-04-11
11,191765548.04,2018-04-12
12,193333689.0,2018-04-13
13,184500534.17,2018-04-14
14,167648823.07,2018-04-15
15,193214948.46,2018-04-16
16,192804851.81,2018-04-17
17,195442255.52,2018-04-18
18,195689134.48,2018-04-19
19,193369338.18,2018-04-20
20,185759317.97,2018-04-21
21,167712221.24,2018-04-22
22,193966203.95,2018-04-23
23,196663805.1,2018-04-24
24,197356321.9,2018-04-25
25,197831296.12,2018-04-26
26,193113949.93,2018-04-27
27,185179824.39,2018-04-28
28,165235563.43,2018-04-29
29,188693125.79,2018-04-30
0,171169821.53,2018-05-01
1,193694397.45,2018-05-02
2,196710325.79,2018-05-03
3,192687823.7,2018-05-04
4,184524590.8,2018-05-05
5,167273570.19,2018-05-06
6,190382089.98,2018-05-07
7,189359138.03,2018-05-08
8,190878112.01,2018-05-09
9,193543701.72,2018-05-10
10,194477138.6,2018-05-11
11,186612833.26,2018-05-12
12,161814822.17,2018-05-13
13,163336150.72,2018-05-14
14,188675049.33,2018-05-15
15,195034026.19,2018-05-16
16,197131114.09,2018-05-17
17,195185433.96,2018-05-18
18,184366541.32,2018-05-19
19,166860224.92,2018-05-20
20,188630215.39,2018-05-21
21,193368236.62,2018-05-22
22,194129198.15,2018-05-23
23,194060433.54,2018-05-24
24,196588853.41,2018-05-25
25,185553377.21,2018-05-26
26,164390349.84,2018-05-27
27,189446023.86,2018-05-28
28,194965839.81,2018-05-29
29,196418856.87,2018-05-30
30,197848081.42,2018-05-31
0,195401780.25,2018-06-01
1,185142023.24,2018-06-02
2,168235813.08,2018-06-03
3,172174074.55,2018-06-04
4,195790626.67,2018-06-05
5,199455294.67,2018-06-06
6,200901704.38,2018-06-07
7,202741105.87,2018-06-08
8,191886897.62,2018-06-09
9,169397492.56,2018-06-10
10,169807660.46,2018-06-11
11,194671571.05,2018-06-12
12,200079420.62,2018-06-13
13,198128782.64,2018-06-14
14,197051082.18,2018-06-15
15,189696691.97,2018-06-16
16,171129239.3,2018-06-17
17,194955820.4,2018-06-18
18,195476291.67,2018-06-19
19,194844192.43,2018-06-20
20,194692455.85,2018-06-21
21,197580030.07,2018-06-22
22,188191759.5,2018-06-23
23,169002218.19,2018-06-24
24,192937338.97,2018-06-25
25,197222084.68,2018-06-26
26,196455155.41,2018-06-27
27,195433459.65,2018-06-28
28,194226809.48,2018-06-29
29,184231306.58,2018-06-30
0,162972812.77,2018-07-01
1,165417076.84,2018-07-02
2,186812705.25,2018-07-03
3,193725995.11,2018-07-04
4,197094526.52,2018-07-05
5,198277717.24,2018-07-06
6,188964418.33,2018-07-07
7,171488046.46,2018-07-08
8,197252447.39,2018-07-09
9,200082911.98,2018-07-10
10,199875119.58,2018-07-11
11,202182092.25,2018-07-12
12,203634042.21,2018-07-13
13,192953568.19,2018-07-14
14,174867604.61,2018-07-15
15,197150521.63,2018-07-16
16,199822340.69,2018-07-17
17,200361112.72,2018-07-18
18,202050595.06,2018-07-19
19,183803701.7,2018-07-20
20,187125972.53,2018-07-21
21,171067309.43,2018-07-22
22,196607103.08,2018-07-23
23,196948524.69,2018-07-24
24,198539932.38,2018-07-25
25,200415371.59,2018-07-26
26,197751875.82,2018-07-27
27,190530494.71,2018-07-28
28,172406542.64,2018-07-29
29,195662094.07,2018-07-30
30,192470291.53,2018-07-31
0,195163839.06,2018-08-01
1,198344085.26,2018-08-02
2,198050320.3,2018-08-03
3,188344469.33,2018-08-04
4,168993874.26,2018-08-05
5,192258717.94,2018-08-06
6,180437240.13,2018-08-07
7,201661754.25,2018-08-08
8,203923686.0,2018-08-09
9,203066989.22,2018-08-10
10,194256419.34,2018-08-11
11,176990818.27,2018-08-12
12,201759669.44,2018-08-13
13,199015799.18,2018-08-14
14,192596713.49,2018-08-15
15,199186161.07,2018-08-16
16,202700291.63,2018-08-17
17,192679138.2,2018-08-18
18,169718497.47,2018-08-19
19,175321385.38,2018-08-20
20,201047819.78,2018-08-21
21,203311419.2,2018-08-22
22,202144779.45,2018-08-23
23,201676118.28,2018-08-24
24,194150349.14,2018-08-25
25,172475774.14,2018-08-26
26,197986968.83,2018-08-27
27,202544022.67,2018-08-28
28,202951137.23,2018-08-29
29,202231381.68,2018-08-30
30,203765437.93,2018-08-31
0,193563315.49,2018-09-01
1,174608488.24,2018-09-02
2,199887410.83,2018-09-03
3,199933636.08,2018-09-04
4,198684043.54,2018-09-05
5,196888936.01,2018-09-06
6,197434647.97,2018-09-07
7,190243872.66,2018-09-08
8,173400899.01,2018-09-09
9,199185125.37,2018-09-10
10,201910992.7,2018-09-11
11,202735051.59,2018-09-12
12,201327806.47,2018-09-13
13,199249773.73,2018-09-14
14,187535549.85,2018-09-15
15,164827048.82,2018-09-16
16,193203462.05,2018-09-17
17,201425741.81,2018-09-18
18,202312173.52,2018-09-19
19,202852092.72,2018-09-20
20,205878217.41,2018-09-21
21,192979465.56,2018-09-22
22,174568087.93,2018-09-23
23,197512078.38,2018-09-24
24,201616689.83,2018-09-25
25,200509247.46,2018-09-26
26,198114009.85,2018-09-27
27,198093552.08,2018-09-28
28,190462932.88,2018-09-29
29,172245153.61,2018-09-30
0,196172759.93,2018-10-01
1,198243802.94,2018-10-02
2,196939024.52,2018-10-03
3,196074040.78,2018-10-04
4,196017324.53,2018-10-05
5,183912982.46,2018-10-06
6,168394452.33,2018-10-07
7,194361889.77,2018-10-08
8,194369923.55,2018-10-09
9,194434104.84,2018-10-10
10,192392540.53,2018-10-11
11,193852731.46,2018-10-12
12,185909555.93,2018-10-13
13,167359012.24,2018-10-14
14,171784458.62,2018-10-15
15,195851361.4,2018-10-16
16,199912201.82,2018-10-17
17,201057569.48,2018-10-18
18,198842502.01,2018-10-19
19,190060645.79,2018-10-20
20,170258969.08,2018-10-21
21,192038788.08,2018-10-22
22,195134496.02,2018-10-23
23,195867935.82,2018-10-24
24,199901287.12,2018-10-25
25,200370047.55,2018-10-26
26,192366101.46,2018-10-27
27,174194895.85,2018-10-28
28,197325366.31,2018-10-29
29,200497525.45,2018-10-30
30,199797393.24,2018-10-31
0,201559522.32,2018-11-01
1,196850034.24,2018-11-02
2,187119518.35,2018-11-03
3,167740186.33,2018-11-04
4,169648331.86,2018-11-05
5,194077466.64,2018-11-06
6,198566234.86,2018-11-07
7,201998431.47,2018-11-08
8,199619069.84,2018-11-09
9,191425769.58,2018-11-10
10,172968567.31,2018-11-11
11,176906054.86,2018-11-12
12,198928761.71,2018-11-13
13,199844644.94,2018-11-14
14,202030808.54,2018-11-15
15,204093981.19,2018-11-16
16,195779651.15,2018-11-17
17,177130850.1,2018-11-18
18,199520994.46,2018-11-19
19,202701358.91,2018-11-20
20,202082463.49,2018-11-21
21,202859440.7,2018-11-22
22,202939551.14,2018-11-23
23,193750631.15,2018-11-24
24,177096196.57,2018-11-25
25,200999392.01,2018-11-26
26,199864181.31,2018-11-27
27,199539390.29,2018-11-28
28,200708954.51,2018-11-29
29,200903223.83,2018-11-30
0,190045357.33,2018-12-01
1,173981639.25,2018-12-02
2,199380182.93,2018-12-03
3,201483846.22,2018-12-04
4,199764846.43,2018-12-05
5,199347208.24,2018-12-06
6,197856751.1,2018-12-07
7,179880619.21,2018-12-08
8,174803145.74,2018-12-09
9,200625860.97,2018-12-10
10,204261650.67,2018-12-11
11,204517622.84,2018-12-12
12,204564421.3,2018-12-13
13,202770112.1,2018-12-14
14,191235106.36,2018-12-15
15,175454217.8,2018-12-16
16,197755032.9,2018-12-17
17,201414640.55,2018-12-18
18,201009973.03,2018-12-19
19,200227345.13,2018-12-20
20,197692767.13,2018-12-21
21,187498723.8,2018-12-22
22,172157633.28,2018-12-23
23,174219323.7,2018-12-24
24,155064890.18,2018-12-25
25,185263896.67,2018-12-26
26,191087630.16,2018-12-27
27,190577913.74,2018-12-28
28,182453693.05,2018-12-29
29,168313898.53,2018-12-30
30,167426419.1,2018-12-31
0,147133355.57,2019-01-01
1,175004542.39,2019-01-02
2,185494839.04,2019-01-03
3,189627672.85,2019-01-04
4,183584870.45,2019-01-05
5,167766365.43,2019-01-06
6,167915875.89,2019-01-07
7,189410656.41,2019-01-08
8,188327619.12,2019-01-09
9,188454727.05,2019-01-10
10,190028692.68,2019-01-11
11,183886497.67,2019-01-12
12,168124009.02,2019-01-13
13,190301110.02,2019-01-14
14,193198351.39,2019-01-15
15,195237361.1,2019-01-16
16,198415520.45,2019-01-17
17,198577418.96,2019-01-18
18,189887632.39,2019-01-19
19,171033502.41,2019-01-20
20,194918497.74,2019-01-21
21,197327984.84,2019-01-22
22,199615829.07,2019-01-23
23,203029009.86,2019-01-24
24,204192014.62,2019-01-25
25,193698698.77,2019-01-26
26,175877172.19,2019-01-27
27,199164873.94,2019-01-28
28,200792064.57,2019-01-29
29,201262471.2,2019-01-30
30,201136882.79,2019-01-31
0,200288675.7,2019-02-01
1,191342168.14,2019-02-02
2,173291149.7,2019-02-03
3,200324736.74,2019-02-04
4,203684273.1,2019-02-05
5,204270493.48,2019-02-06
6,204702310.66,2019-02-07
7,202217618.23,2019-02-08
8,191508346.58,2019-02-09
9,173102996.62,2019-02-10
10,199998844.17,2019-02-11
11,202830663.81,2019-02-12
12,205016817.82,2019-02-13
13,205678727.75,2019-02-14
14,207081452.37,2019-02-15
15,197037098.91,2019-02-16
16,177389653.3,2019-02-17
17,200613198.42,2019-02-18
18,200078566.04,2019-02-19
19,198995755.53,2019-02-20
20,200314595.41,2019-02-21
21,202472145.64,2019-02-22
22,193561455.97,2019-02-23
23,173681316.02,2019-02-24
24,197063049.8,2019-02-25
25,199887911.78,2019-02-26
26,201149467.51,2019-02-27
27,201587794.99,2019-02-28
0,202355216.04,2019-03-01
1,190578025.83,2019-03-02
2,172168107.59,2019-03-03
3,198481327.42,2019-03-04
4,200837292.08,2019-03-05
5,203799254.86,2019-03-06
6,202492114.3,2019-03-07
7,202800092.37,2019-03-08
8,194578311.82,2019-03-09
9,174381440.92,2019-03-10
10,196239774.26,2019-03-11
11,198907869.78,2019-03-12
12,200353655.91,2019-03-13
13,201423686.58,2019-03-14
14,201521863.92,2019-03-15
15,192820802.24,2019-03-16
16,174616123.84,2019-03-17
17,198145074.03,2019-03-18
18,197896817.23,2019-03-19
19,200859177.11,2019-03-20
20,200875291.58,2019-03-21
21,200148787.23,2019-03-22
22,190078873.57,2019-03-23
23,172620213.46,2019-03-24
24,176491787.35,2019-03-25
25,200967125.54,2019-03-26
26,202966371.94,2019-03-27
27,204462617.1,2019-03-28
28,199696521.46,2019-03-29
29,192060740.31,2019-03-30
30,176550362.42,2019-03-31
0,196355442.77,2019-04-01
1,198008130.42,2019-04-02
2,199929430.47,2019-04-03
3,202136750.82,2019-04-04
4,203106005.41,2019-04-05
5,193351005.82,2019-04-06
6,177624543.84,2019-04-07
7,201372818.41,2019-04-08
8,205044415.57,2019-04-09
9,203953714.73,2019-04-10
10,204174565.76,2019-04-11
11,205950546.09,2019-04-12
12,197234504.68,2019-04-13
13,181216933.44,2019-04-14
14,199388394.03,2019-04-15
15,201191844.17,2019-04-16
16,197616181.26,2019-04-17
17,170535233.77,2019-04-18
18,163123908.65,2019-04-19
19,172225637.12,2019-04-20
20,169218193.58,2019-04-21
21,194223462.46,2019-04-22
22,200521306.69,2019-04-23
23,201372786.42,2019-04-24
24,203195126.1,2019-04-25
25,205697928.13,2019-04-26
26,196462319.9,2019-04-27
27,179851564.29,2019-04-28
28,204429977.69,2019-04-29
29,206638533.71,2019-04-30
0,187297251.34,2019-05-01
1,206790866.23,2019-05-02
2,208768928.38,2019-05-03
3,199124668.65,2019-05-04
4,180691986.75,2019-05-05
5,207613663.26,2019-05-06
6,210087973.85,2019-05-07
7,205066083.34,2019-05-08
8,200326777.85,2019-05-09
9,197924357.55,2019-05-10
10,190353058.2,2019-05-11
11,172057186.25,2019-05-12
12,200974061.58,2019-05-13
13,203980545.69,2019-05-14
14,202863132.64,2019-05-15
15,204789927.38,2019-05-16
16,205381272.18,2019-05-17
17,194201482.26,2019-05-18
18,174013519.51,2019-05-19
19,198307879.42,2019-05-20
20,200045249.39,2019-05-21
21,203371262.57,2019-05-22
22,199932845.92,2019-05-23
23,201025312.76,2019-05-24
24,190310845.75,2019-05-25
25,171503932.94,2019-05-26
26,195458150.58,2019-05-27
27,197253372.17,2019-05-28
28,199680264.87,2019-05-29
29,197541927.91,2019-05-30
30,197676636.84,2019-05-31
0,186822629.65,2019-06-01
1,170998373.54,2019-06-02
2,176095381.28,2019-06-03
3,201511067.73,2019-06-04
4,204925640.85,2019-06-05
5,201361130.84,2019-06-06
6,197591988.16,2019-06-07
7,192265314.81,2019-06-08
8,178736865.01,2019-06-09
9,200554912.66,2019-06-10
10,201878237.18,2019-06-11
11,202421604.02,2019-06-12
12,205362545.67,2019-06-13
13,206589509.14,2019-06-14
14,196939984.04,2019-06-15
15,175344888.32,2019-06-16
16,204238280.14,2019-06-17
17,210424346.25,2019-06-18
18,209727640.34,2019-06-19
19,208727700.88,2019-06-20
20,208968842.12,2019-06-21
21,198488169.15,2019-06-22
22,178334163.49,2019-06-23
23,177027729.17,2019-06-24
24,196859769.3,2019-06-25
25,204199917.0,2019-06-26
26,208350834.6,2019-06-27
27,207564665.28,2019-06-28
28,195401557.14,2019-06-29
29,175052604.97,2019-06-30
0,175750068.97,2019-07-01
1,197546506.38,2019-07-02
2,202937679.08,2019-07-03
3,203553822.08,2019-07-04
4,205050426.19,2019-07-05
5,196700778.02,2019-07-06
6,178606623.91,2019-07-07
7,199218290.42,2019-07-08
8,199077864.6,2019-07-09
9,203542278.78,2019-07-10
10,204078549.05,2019-07-11
11,205560467.85,2019-07-12
12,195154165.28,2019-07-13
13,176739907.3,2019-07-14
14,198637166.68,2019-07-15
15,202450815.42,2019-07-16
16,204082072.43,2019-07-17
17,207861272.49,2019-07-18
18,207750465.12,2019-07-19
19,188834280.65,2019-07-20
20,179558346.46,2019-07-21
21,205816002.41,2019-07-22
22,202291906.96,2019-07-23
23,203730659.96,2019-07-24
24,204091210.24,2019-07-25
25,203659885.8,2019-07-26
26,195422634.23,2019-07-27
27,179305328.78,2019-07-28
28,204429011.73,2019-07-29
29,207032455.36,2019-07-30
30,208346126.09,2019-07-31
0,206039731.09,2019-08-01
1,208682379.65,2019-08-02
2,197041189.29,2019-08-03
3,178036141.85,2019-08-04
4,202087107.31,2019-08-05
5,206274827.93,2019-08-06
6,188665087.86,2019-08-07
7,207479080.36,2019-08-08
8,210667681.05,2019-08-09
9,201771778.12,2019-08-10
10,183609878.11,2019-08-11
11,210381458.73,2019-08-12
12,213164927.44,2019-08-13
13,208882917.84,2019-08-14
14,206211662.76,2019-08-15
15,200321463.05,2019-08-16
16,191744510.02,2019-08-17
17,176657582.05,2019-08-18
18,181355442.91,2019-08-19
19,203505837.12,2019-08-20
20,208903397.66,2019-08-21
21,211938025.63,2019-08-22
22,212354030.6,2019-08-23
23,200305316.63,2019-08-24
24,180507972.9,2019-08-25
25,210039435.01,2019-08-26
26,213970412.07,2019-08-27
27,209777916.98,2019-08-28
28,210325019.57,2019-08-29
29,213119966.95,2019-08-30
30,202976186.18,2019-08-31
0,181258097.1,2019-09-01
1,203242922.57,2019-09-02
2,205908472.85,2019-09-03
3,210774556.16,2019-09-04
4,211949251.39,2019-09-05
5,209926617.0,2019-09-06
6,203125606.18,2019-09-07
7,182702235.97,2019-09-08
8,210691586.11,2019-09-09
9,215909149.99,2019-09-10
10,217020823.3,2019-09-11
11,214161921.62,2019-09-12
12,214302484.29,2019-09-13
13,203348551.87,2019-09-14
14,184427845.57,2019-09-15
15,208613132.23,2019-09-16
16,208523574.16,2019-09-17
17,205429319.24,2019-09-18
18,199521521.2,2019-09-19
19,200324793.65,2019-09-20
20,188812499.0,2019-09-21
21,174812126.45,2019-09-22
22,199937573.4,2019-09-23
23,202781037.25,2019-09-24
24,205433183.56,2019-09-25
25,203399180.21,2019-09-26
26,206095553.87,2019-09-27
27,199171719.33,2019-09-28
28,178081305.48,2019-09-29
29,200457769.97,2019-09-30
0,199923414.65,2019-10-01
1,201855314.52,2019-10-02
2,199821039.99,2019-10-03
3,201796897.9,2019-10-04
4,194509493.08,2019-10-05
5,175991143.83,2019-10-06
6,200660635.37,2019-10-07
7,203527884.52,2019-10-08
8,201456228.43,2019-10-09
9,201988138.38,2019-10-10
10,200432561.79,2019-10-11
11,190680290.93,2019-10-12
12,173369680.92,2019-10-13
13,176527088.96,2019-10-14
14,201844408.24,2019-10-15
15,202267655.53,2019-10-16
16,202103709.67,2019-10-17
17,202444909.15,2019-10-18
18,191781300.89,2019-10-19
19,175036801.48,2019-10-20
20,197814412.44,2019-10-21
21,198961804.6,2019-10-22
22,200100031.09,2019-10-23
23,200214284.5,2019-10-24
24,202518268.35,2019-10-25
25,195479700.28,2019-10-26
26,174457432.01,2019-10-27
27,203735993.88,2019-10-28
28,208345606.77,2019-10-29
29,207834547.5,2019-10-30
30,204958196.92,2019-10-31
0,205763109.67,2019-11-01
1,195034480.66,2019-11-02
2,177959481.79,2019-11-03
3,182135003.03,2019-11-04
4,202910386.98,2019-11-05
5,205979640.85,2019-11-06
6,206615757.13,2019-11-07
7,210636936.2,2019-11-08
8,198532699.99,2019-11-09
9,179749509.69,2019-11-10
10,181532319.26,2019-11-11
11,202736124.11,2019-11-12
12,201937937.35,2019-11-13
13,203541561.46,2019-11-14
14,205056865.47,2019-11-15
15,195847851.06,2019-11-16
16,180565043.21,2019-11-17
17,204099853.25,2019-11-18
18,205509152.81,2019-11-19
19,205713888.13,2019-11-20
20,198901963.15,2019-11-21
21,200118221.71,2019-11-22
22,192562334.96,2019-11-23
23,178616808.35,2019-11-24
24,206533065.2,2019-11-25
25,211997344.28,2019-11-26
26,213404322.26,2019-11-27
27,215155104.42,2019-11-28
28,210663697.24,2019-11-29
29,199533282.54,2019-11-30
0,184187658.15,2019-12-01
1,209994521.84,2019-12-02
2,213646641.26,2019-12-03
3,212523211.4,2019-12-04
4,214445638.19,2019-12-05
5,214735193.63,2019-12-06
6,200284339.12,2019-12-07
7,179995422.23,2019-12-08
8,208081151.83,2019-12-09
9,212006725.96,2019-12-10
10,211900278.22,2019-12-11
11,210474694.39,2019-12-12
12,208004824.3,2019-12-13
13,198120060.5,2019-12-14
14,183569254.65,2019-12-15
15,208720843.28,2019-12-16
16,210157079.67,2019-12-17
17,210313724.06,2019-12-18
18,211629996.64,2019-12-19
19,210694066.87,2019-12-20
20,199103246.66,2019-12-21
21,185926820.74,2019-12-22
22,203637113.28,2019-12-23
23,191548030.88,2019-12-24
24,170572418.93,2019-12-25
25,199421684.61,2019-12-26
26,200773323.53,2019-12-27
27,195393421.51,2019-12-28
28,182336925.04,2019-12-29
29,193351757.68,2019-12-30
30,177812758.45,2019-12-31
0,155506551.19,2020-01-01
1,181754934.08,2020-01-02
2,192032421.25,2020-01-03
3,188232611.46,2020-01-04
4,173195844.11,2020-01-05
5,174463788.69,2020-01-06
6,195751211.75,2020-01-07
7,200798718.57,2020-01-08
8,200626186.29,2020-01-09
9,201052946.99,2020-01-10
10,193696119.5,2020-01-11
11,178483315.58,2020-01-12
12,202296771.45,2020-01-13
13,205745862.26,2020-01-14
14,206766294.17,2020-01-15
15,208987492.68,2020-01-16
16,209933656.1,2020-01-17
17,200929424.68,2020-01-18
18,183115429.4,2020-01-19
19,207741666.88,2020-01-20
20,208249232.86,2020-01-21
21,205500422.94,2020-01-22
22,205344810.73,2020-01-23
23,208244482.99,2020-01-24
24,199314327.9,2020-01-25
25,182188427.31,2020-01-26
26,206926839.05,2020-01-27
27,209150767.47,2020-01-28
28,209998581.83,2020-01-29
29,210879364.75,2020-01-30
30,212383953.45,2020-01-31
0,204001507.25,2020-02-01
1,184693050.0,2020-02-02
2,210806879.68,2020-02-03
3,212116447.3,2020-02-04
4,212094362.96,2020-02-05
5,213236263.0,2020-02-06
6,214000672.04,2020-02-07
7,204151780.5,2020-02-08
8,183760816.65,2020-02-09
9,208765349.89,2020-02-10
10,212591294.45,2020-02-11
11,213899829.77,2020-02-12
12,215017572.9,2020-02-13
13,214601451.97,2020-02-14
14,204475214.23,2020-02-15
15,185556375.27,2020-02-16
16,211523041.36,2020-02-17
17,215356881.61,2020-02-18
18,217078889.92,2020-02-19
19,215988093.25,2020-02-20
20,214429408.99,2020-02-21
21,199564678.46,2020-02-22
22,179787218.77,2020-02-23
23,203266465.67,2020-02-24
24,207681768.88,2020-02-25
25,208447858.69,2020-02-26
26,208719084.2,2020-02-27
27,210395986.83,2020-02-28
0,182932186.42,2020-03-01
1,209080625.43,2020-03-02
2,212751902.73,2020-03-03
3,215135776.65,2020-03-04
4,216132524.11,2020-03-05
5,216916220.13,2020-03-06
6,204165752.85,2020-03-07
7,182458765.69,2020-03-08
8,208255371.53,2020-03-09
9,212627388.14,2020-03-10
10,210061453.51,2020-03-11
11,211008204.95,2020-03-12
12,209858686.32,2020-03-13
13,199219726.45,2020-03-14
14,182316657.82,2020-03-15
15,206674136.34,2020-03-16
16,205345715.73,2020-03-17
17,204881483.7,2020-03-18
18,205747362.97,2020-03-19
19,191784406.21,2020-03-20
20,175859490.87,2020-03-21
21,167207727.83,2020-03-22
22,171057900.63,2020-03-23
23,179073157.14,2020-03-24
24,175219843.46,2020-03-25
25,176307149.03,2020-03-26
26,176227417.8,2020-03-27
27,172529200.33,2020-03-28
28,164911308.19,2020-03-29
29,173924828.78,2020-03-30
30,173287738.13,2020-03-31
0,171194754.25,2020-04-01
1,173160886.58,2020-04-02
2,176262300.49,2020-04-03
3,172757847.76,2020-04-04
4,166879197.69,2020-04-05
5,176771791.39,2020-04-06
6,175186781.86,2020-04-07
7,176585188.11,2020-04-08
8,165531131.11,2020-04-09
9,160716729.79,2020-04-10
10,163235634.17,2020-04-11
11,161131800.12,2020-04-12
12,173980835.78,2020-04-13
13,175349205.47,2020-04-14
14,173605879.88,2020-04-15
15,175402725.54,2020-04-16
16,177436771.99,2020-04-17
17,170672379.61,2020-04-18
18,159749694.11,2020-04-19
19,175712684.46,2020-04-20
20,176358701.62,2020-04-21
21,176987751.48,2020-04-22
22,177152632.31,2020-04-23
23,178330688.11,2020-04-24
24,174499553.92,2020-04-25
25,165594586.84,2020-04-26
26,181621093.95,2020-04-27
27,181818754.09,2020-04-28
28,183368973.11,2020-04-29
29,183751740.33,2020-04-30
0,170262403.99,2020-05-01
1,173299552.69,2020-05-02
2,164097542.6,2020-05-03
3,181966317.7,2020-05-04
4,186422548.68,2020-05-05
5,187943583.63,2020-05-06
6,187593797.69,2020-05-07
7,187199604.36,2020-05-08
8,181027861.76,2020-05-09
9,168946867.76,2020-05-10
10,188765317.75,2020-05-11
11,189058013.57,2020-05-12
12,184835252.26,2020-05-13
13,187588502.54,2020-05-14
14,188035493.36,2020-05-15
15,183363816.73,2020-05-16
16,167638948.47,2020-05-17
17,186571421.2,2020-05-18
18,186111923.44,2020-05-19
19,190229191.7,2020-05-20
20,193806593.42,2020-05-21
21,191652298.08,2020-05-22
22,184549746.47,2020-05-23
23,170828173.26,2020-05-24
24,175005482.14,2020-05-25
25,192707795.58,2020-05-26
26,188060608.1,2020-05-27
27,186659317.12,2020-05-28
28,186531641.7,2020-05-29
29,173867932.36,2020-05-30
30,157544868.07,2020-05-31
0,181977687.06,2020-06-01
1,187347171.99,2020-06-02
2,188381177.51,2020-06-03
3,192115641.71,2020-06-04
4,194769249.51,2020-06-05
5,181983135.7,2020-06-06
6,167937419.72,2020-06-07
7,191643976.46,2020-06-08
8,192562135.43,2020-06-09
9,184500846.27,2020-06-10
10,187362362.21,2020-06-11
11,188451468.59,2020-06-12
12,183144982.95,2020-06-13
13,168890982.84,2020-06-14
14,170564728.55,2020-06-15
15,192336065.07,2020-06-16
16,192958332.75,2020-06-17
17,194155257.79,2020-06-18
18,195398340.16,2020-06-19
19,186187152.22,2020-06-20
20,167616795.49,2020-06-21
21,173162162.88,2020-06-22
22,194400594.1,2020-06-23
23,194047827.66,2020-06-24
24,196403404.95,2020-06-25
25,195039452.46,2020-06-26
26,186769120.12,2020-06-27
27,168387413.25,2020-06-28
28,174159483.18,2020-06-29
29,195702409.11,2020-06-30
0,197539726.23,2020-07-01
1,194361717.93,2020-07-02
2,195226563.88,2020-07-03
3,187194407.78,2020-07-04
4,168362239.36,2020-07-05
5,193251541.01,2020-07-06
6,194083933.51,2020-07-07
7,192428742.3,2020-07-08
8,194923632.39,2020-07-09
9,198283546.6,2020-07-10
10,184012616.09,2020-07-11
11,167053729.44,2020-07-12
12,193704343.04,2020-07-13
13,195139838.04,2020-07-14
14,199629818.51,2020-07-15
15,198194100.55,2020-07-16
16,199074716.91,2020-07-17
17,190766146.87,2020-07-18
18,175870456.88,2020-07-19
19,176613450.15,2020-07-20
20,195274993.75,2020-07-21
21,195647351.03,2020-07-22
22,196928699.53,2020-07-23
23,193929979.7,2020-07-24
24,182462326.94,2020-07-25
25,170904346.19,2020-07-26
26,193836394.9,2020-07-27
27,199785826.05,2020-07-28
28,201458126.02,2020-07-29
29,200399134.56,2020-07-30
30,200228284.23,2020-07-31
0,191589967.16,2020-08-01
1,178505297.39,2020-08-02
2,198587565.82,2020-08-03
3,199104452.21,2020-08-04
4,201156317.92,2020-08-05
5,200773726.16,2020-08-06
6,187931173.8,2020-08-07
7,189196517.01,2020-08-08
8,177848895.76,2020-08-09
9,201237077.45,2020-08-10
10,204685689.03,2020-08-11
11,205391427.13,2020-08-12
12,205462088.46,2020-08-13
13,202430866.98,2020-08-14
14,192470465.74,2020-08-15
15,173475108.83,2020-08-16
16,176349929.47,2020-08-17
17,198428502.05,2020-08-18
18,198359000.39,2020-08-19
19,198609320.83,2020-08-20
20,198860956.9,2020-08-21
21,188714602.18,2020-08-22
22,170432421.67,2020-08-23
23,193923526.52,2020-08-24
24,195746300.37,2020-08-25
25,197118788.13,2020-08-26
26,199722152.9,2020-08-27
27,202195431.89,2020-08-28
28,193660876.84,2020-08-29
29,171856293.77,2020-08-30
30,196220265.36,2020-08-31
0,199585913.56,2020-09-01
1,196362645.1,2020-09-02
2,199896657.09,2020-09-03
3,200961237.27,2020-09-04
4,195596973.49,2020-09-05
5,175497617.61,2020-09-06
6,197852968.2,2020-09-07
7,196328131.78,2020-09-08
8,197692176.86,2020-09-09
9,202093205.37,2020-09-10
10,204861095.73,2020-09-11
11,196002568.09,2020-09-12
12,176404543.39,2020-09-13
13,200781316.18,2020-09-14
14,203735166.59,2020-09-15
15,197176085.12,2020-09-16
16,202961018.24,2020-09-17
17,201666723.63,2020-09-18
18,192272674.52,2020-09-19
19,173952906.13,2020-09-20
20,198369783.62,2020-09-21
21,203462592.93,2020-09-22
22,203999129.46,2020-09-23
23,199199417.47,2020-09-24
24,199423910.32,2020-09-25
25,193341882.78,2020-09-26
26,171881812.5,2020-09-27
27,197965844.04,2020-09-28
28,202207104.1,2020-09-29
29,199281090.45,2020-09-30
0,201980328.95,2020-10-01
1,202183797.25,2020-10-02
2,190809041.59,2020-10-03
3,170572102.55,2020-10-04
4,197022384.52,2020-10-05
5,200848009.7,2020-10-06
6,202569593.08,2020-10-07
7,199551784.99,2020-10-08
8,202992988.08,2020-10-09
9,196671780.6,2020-10-10
10,179600608.95,2020-10-11
11,183681179.8,2020-10-12
12,201212170.97,2020-10-13
13,202013893.28,2020-10-14
14,205419885.14,2020-10-15
15,209434542.9,2020-10-16
16,198349558.38,2020-10-17
17,176702311.33,2020-10-18
18,195638852.0,2020-10-19
19,200257954.29,2020-10-20
20,203685345.9,2020-10-21
21,206383078.29,2020-10-22
22,206264814.19,2020-10-23
23,193274108.01,2020-10-24
24,176075662.39,2020-10-25
25,202705224.69,2020-10-26
26,208908897.93,2020-10-27
27,206856495.85,2020-10-28
28,205887140.34,2020-10-29
29,205827460.48,2020-10-30
30,191342459.26,2020-10-31
0,168924100.08,2020-11-01
1,178076140.6,2020-11-02
2,202405609.74,2020-11-03
3,205606264.59,2020-11-04
4,203887605.65,2020-11-05
5,202469090.02,2020-11-06
6,194484919.03,2020-11-07
7,178542185.78,2020-11-08
8,200682172.71,2020-11-09
9,204521055.3,2020-11-10
10,202011388.72,2020-11-11
11,201558608.59,2020-11-12
12,200429274.35,2020-11-13
13,188162611.68,2020-11-14
14,173657653.4,2020-11-15
15,180511379.17,2020-11-16
16,197462347.91,2020-11-17
17,199106808.9,2020-11-18
18,201015569.04,2020-11-19
19,204299101.18,2020-11-20
20,195849719.06,2020-11-21
21,180302291.43,2020-11-22
22,205149563.88,2020-11-23
23,208537000.3,2020-11-24
24,208208569.37,2020-11-25
25,207106867.95,2020-11-26
26,204281380.92,2020-11-27
27,193807790.25,2020-11-28
28,178937201.7,2020-11-29
29,203778844.02,2020-11-30
0,205355564.8,2020-12-01
1,204719532.48,2020-12-02
2,205801778.95,2020-12-03
3,207230898.05,2020-12-04
4,199081199.31,2020-12-05
5,185289242.46,2020-12-06
6,202265547.1,2020-12-07
7,187590443.01,2020-12-08
8,206560802.69,2020-12-09
9,209115220.26,2020-12-10
10,210250899.51,2020-12-11
11,200570027.18,2020-12-12
12,184022615.98,2020-12-13
13,205497538.65,2020-12-14
14,208242080.74,2020-12-15
15,209638233.87,2020-12-16
16,208916906.93,2020-12-17
17,207870244.41,2020-12-18
18,200225485.41,2020-12-19
19,184089631.51,2020-12-20
20,205404536.22,2020-12-21
21,207202528.68,2020-12-22
22,205284415.6,2020-12-23
23,187729792.1,2020-12-24
24,162170065.93,2020-12-25
25,179413695.12,2020-12-26
26,175378461.57,2020-12-27
27,194044927.84,2020-12-28
28,195731416.53,2020-12-29
29,193231243.63,2020-12-30
30,176711963.29,2020-12-31
0,155622818.6,2021-01-01
1,168376857.62,2021-01-02
2,168100044.16,2021-01-03
3,189714308.11,2021-01-04
4,193626157.23,2021-01-05
5,195555485.71,2021-01-06
6,197060869.17,2021-01-07
7,194388270.37,2021-01-08
8,184853594.41,2021-01-09
9,172196967.11,2021-01-10
10,176172774.05,2021-01-11
11,196088978.67,2021-01-12
12,200045610.2,2021-01-13
13,201563946.99,2021-01-14
14,202307067.05,2021-01-15
15,193214700.99,2021-01-16
16,176491568.81,2021-01-17
17,200422740.93,2021-01-18
18,203036412.99,2021-01-19
19,203102006.8,2021-01-20
20,204070972.56,2021-01-21
21,204301826.74,2021-01-22
22,193899345.99,2021-01-23
23,176693996.47,2021-01-24
24,200091093.35,2021-01-25
25,203196820.24,2021-01-26
26,204440910.89,2021-01-27
27,204801728.1,2021-01-28
28,203605181.87,2021-01-29
29,193232010.31,2021-01-30
30,176608382.77,2021-01-31
0,202416344.93,2021-02-01
1,205775693.82,2021-02-02
2,207211999.45,2021-02-03
3,207876743.4,2021-02-04
4,209723483.05,2021-02-05
5,200568451.02,2021-02-06
6,182210368.39,2021-02-07
7,207136275.8,2021-02-08
8,208964808.6,2021-02-09
9,207012130.19,2021-02-10
10,208228919.02,2021-02-11
11,208183735.91,2021-02-12
12,199037270.7,2021-02-13
13,180546015.05,2021-02-14
14,203474190.33,2021-02-15
15,206492597.23,2021-02-16
16,205305512.37,2021-02-17
17,207593622.19,2021-02-18
18,207104276.41,2021-02-19
19,198876530.9,2021-02-20
20,180931891.32,2021-02-21
21,203697599.08,2021-02-22
22,208336278.86,2021-02-23
23,210670877.88,2021-02-24
24,211148542.02,2021-02-25
25,211267803.2,2021-02-26
26,198848883.47,2021-02-27
27,179343764.19,2021-02-28
0,201189055.44,2021-03-01
1,203046322.13,2021-03-02
2,204119680.89,2021-03-03
3,206369641.81,2021-03-04
4,207387392.26,2021-03-05
5,199324342.07,2021-03-06
6,181383354.3,2021-03-07
7,203168157.85,2021-03-08
8,206154944.43,2021-03-09
9,206930492.79,2021-03-10
10,206877695.77,2021-03-11
11,206129061.94,2021-03-12
12,197257560.55,2021-03-13
13,178765070.63,2021-03-14
14,203133468.27,2021-03-15
15,204231199.21,2021-03-16
16,206014013.82,2021-03-17
17,206381463.54,2021-03-18
18,207387936.77,2021-03-19
19,198023553.29,2021-03-20
20,181492888.11,2021-03-21
21,183163814.53,2021-03-22
22,203216767.26,2021-03-23
23,207519010.4,2021-03-24
24,209137701.8,2021-03-25
25,208465427.32,2021-03-26
26,199866343.59,2021-03-27
27,183456152.28,2021-03-28
28,206944701.94,2021-03-29
29,210748059.86,2021-03-30
30,206016833.17,2021-03-31
0,181351143.41,2021-04-01
1,169135803.26,2021-04-02
2,179356202.3,2021-04-03
3,176495112.11,2021-04-04
4,204935608.74,2021-04-05
5,206925811.72,2021-04-06
6,205269875.53,2021-04-07
7,209117390.79,2021-04-08
8,205616858.49,2021-04-09
9,197370874.75,2021-04-10
10,184128632.37,2021-04-11
11,205344172.02,2021-04-12
12,210463984.8,2021-04-13
13,209213088.47,2021-04-14
14,209596857.87,2021-04-15
15,207473651.93,2021-04-16
16,200705790.12,2021-04-17
17,181776817.88,2021-04-18
18,208510473.68,2021-04-19
19,213722644.43,2021-04-20
20,212380121.96,2021-04-21
21,213599764.77,2021-04-22
22,211168516.13,2021-04-23
23,202960378.49,2021-04-24
24,187622482.97,2021-04-25
25,209814907.6,2021-04-26
26,207809834.56,2021-04-27
27,198178877.4,2021-04-28
28,199638655.65,2021-04-29
29,194741501.34,2021-04-30
0,177470441.84,2021-05-01
1,171428101.32,2021-05-02
2,189442795.63,2021-05-03
3,191277314.31,2021-05-04
4,188880064.78,2021-05-05
5,190584886.48,2021-05-06
6,191562918.62,2021-05-07
7,185939238.21,2021-05-08
8,172029532.0,2021-05-09
9,193669778.98,2021-05-10
10,199280953.68,2021-05-11
11,199616143.49,2021-05-12
12,203375358.15,2021-05-13
13,205852146.86,2021-05-14
14,198104379.96,2021-05-15
15,180287092.87,2021-05-16
16,181005430.56,2021-05-17
17,196180810.52,2021-05-18
18,200323013.15,2021-05-19
19,206197729.05,2021-05-20
20,208670596.58,2021-05-21
21,200194442.56,2021-05-22
22,181945993.34,2021-05-23
23,204743544.52,2021-05-24
24,206577365.2,2021-05-25
25,207561210.49,2021-05-26
26,206699850.89,2021-05-27
27,202515852.43,2021-05-28
28,193292329.01,2021-05-29
29,178487258.08,2021-05-30
30,202012868.15,2021-05-31
0,203329511.48,2021-06-01
1,204189301.45,2021-06-02
2,208147634.58,2021-06-03
3,208614763.07,2021-06-04
4,200509005.79,2021-06-05
5,181871911.53,2021-06-06
6,182040376.28,2021-06-07
7,199881776.15,2021-06-08
8,199734084.77,2021-06-09
9,203734160.87,2021-06-10
10,209501715.46,2021-06-11
11,199640355.68,2021-06-12
12,181285576.21,2021-06-13
13,184305404.04,2021-06-14
14,203529672.88,2021-06-15
15,207581585.25,2021-06-16
16,212360416.6,2021-06-17
17,209987773.67,2021-06-18
18,202155467.66,2021-06-19
19,185440619.41,2021-06-20
20,205323919.94,2021-06-21
21,207261240.3,2021-06-22
22,208887047.29,2021-06-23
23,203518670.31,2021-06-24
24,203418527.41,2021-06-25
25,195620938.51,2021-06-26
26,179657649.31,2021-06-27
27,204716834.22,2021-06-28
28,211403102.37,2021-06-29
29,210181856.85,2021-06-30
0,206649880.89,2021-07-01
1,208449778.01,2021-07-02
2,199097845.72,2021-07-03
3,177926628.9,2021-07-04
4,184078402.02,2021-07-05
5,207353774.01,2021-07-06
6,211823947.42,2021-07-07
7,212912988.34,2021-07-08
8,211891575.73,2021-07-09
9,200782299.94,2021-07-10
10,183934832.01,2021-07-11
11,209078629.39,2021-07-12
12,212702872.64,2021-07-13
13,214080432.43,2021-07-14
14,215900586.65,2021-07-15
15,215077451.23,2021-07-16
16,205939576.88,2021-07-17
17,188680256.4,2021-07-18
18,209704730.73,2021-07-19
19,199611812.13,2021-07-20
20,217113750.95,2021-07-21
21,218142224.92,2021-07-22
22,220189744.91,2021-07-23
23,205334183.04,2021-07-24
24,180261367.97,2021-07-25
25,206049207.54,2021-07-26
26,208530056.45,2021-07-27
27,210914011.08,2021-07-28
28,214367119.26,2021-07-29
29,213332166.48,2021-07-30
30,207235445.6,2021-07-31
0,189212208.16,2021-08-01
1,206566202.75,2021-08-02
2,207611489.23,2021-08-03
3,210219696.24,2021-08-04
4,214861585.25,2021-08-05
5,214795441.69,2021-08-06
6,198132492.58,2021-08-07
7,186927270.49,2021-08-08
8,212705024.13,2021-08-09
9,214550528.22,2021-08-10
10,214217646.92,2021-08-11
11,213862621.21,2021-08-12
12,213737382.0,2021-08-13
13,203348654.75,2021-08-14
14,181673831.07,2021-08-15
15,185973634.07,2021-08-16
16,205388357.92,2021-08-17
17,210428961.75,2021-08-18
18,210882429.0,2021-08-19
19,209005486.07,2021-08-20
20,202648571.37,2021-08-21
21,187667755.0,2021-08-22
22,212008423.35,2021-08-23
23,209694677.39,2021-08-24
24,208351781.02,2021-08-25
25,209582613.71,2021-08-26
26,211983308.7,2021-08-27
27,206110456.66,2021-08-28
28,189416657.25,2021-08-29
29,203016122.6,2021-08-30
30,202325261.01,2021-08-31
0,207282997.81,2021-09-01
1,215561643.69,2021-09-02
2,219741366.26,2021-09-03
3,205595662.59,2021-09-04
4,185107826.41,2021-09-05
5,206494528.98,2021-09-06
6,208791150.32,2021-09-07
7,213384299.96,2021-09-08
8,217138219.27,2021-09-09
9,219054511.19,2021-09-10
10,204409700.78,2021-09-11
11,186449436.08,2021-09-12
12,209722494.83,2021-09-13
13,213604736.45,2021-09-14
14,214993443.05,2021-09-15
15,214825059.8,2021-09-16
16,220133739.57,2021-09-17
17,211200753.69,2021-09-18
18,190229530.28,2021-09-19
19,215564271.73,2021-09-20
20,218058291.67,2021-09-21
21,215296384.08,2021-09-22
22,213769210.59,2021-09-23
23,215414960.78,2021-09-24
24,210055146.04,2021-09-25
25,193541649.07,2021-09-26
26,219348837.8,2021-09-27
27,216317552.64,2021-09-28
28,215329672.27,2021-09-29
29,211327438.7,2021-09-30
0,212172524.1,2021-10-01
1,207326727.01,2021-10-02
2,191603017.38,2021-10-03
3,216288289.43,2021-10-04
4,216283590.23,2021-10-05
5,217006428.36,2021-10-06
6,220475464.16,2021-10-07
7,220000563.16,2021-10-08
8,208897767.33,2021-10-09
9,190676130.86,2021-10-10
10,211916819.78,2021-10-11
11,217478175.23,2021-10-12
12,215101247.9,2021-10-13
13,218357220.76,2021-10-14
14,219366089.79,2021-10-15
15,204725284.09,2021-10-16
16,185061823.66,2021-10-17
17,190568230.86,2021-10-18
18,214173535.59,2021-10-19
19,216618576.12,2021-10-20
20,216312435.65,2021-10-21
21,216636978.6,2021-10-22
22,209579979.75,2021-10-23
23,191930168.2,2021-10-24
24,214689366.23,2021-10-25
25,217026756.97,2021-10-26
26,216368620.35,2021-10-27
27,218107962.43,2021-10-28
28,210799688.77,2021-10-29
29,202475949.39,2021-10-30
30,182058596.21,2021-10-31
0,184131235.84,2021-11-01
1,208513918.19,2021-11-02
2,212885839.16,2021-11-03
3,213170067.37,2021-11-04
4,218329759.98,2021-11-05
5,211943962.84,2021-11-06
6,195168730.2,2021-11-07
7,216251975.06,2021-11-08
8,217764707.7,2021-11-09
9,216443297.77,2021-11-10
10,218054909.22,2021-11-11
11,218503595.66,2021-11-12
12,208779416.06,2021-11-13
13,190157335.34,2021-11-14
14,194123324.76,2021-11-15
15,217188795.32,2021-11-16
16,218983011.35,2021-11-17
17,219344586.09,2021-11-18
18,219749558.52,2021-11-19
19,211407214.25,2021-11-20
20,193090836.84,2021-11-21
21,214688121.42,2021-11-22
22,212981372.76,2021-11-23
23,212952631.28,2021-11-24
24,212096288.26,2021-11-25
25,211659946.11,2021-11-26
26,203321490.33,2021-11-27
27,189743704.0,2021-11-28
28,212939004.1,2021-11-29
29,215367112.1,2021-11-30
0,214778468.53,2021-12-01
1,216453950.62,2021-12-02
2,219009012.49,2021-12-03
3,210420524.51,2021-12-04
4,193762619.62,2021-12-05
5,216744823.22,2021-12-06
6,216117871.22,2021-12-07
7,198427035.25,2021-12-08
8,217298717.54,2021-12-09
9,217112560.9,2021-12-10
10,206890379.2,2021-12-11
11,189898986.39,2021-12-12
12,211432546.91,2021-12-13
13,213909741.97,2021-12-14
14,217194164.01,2021-12-15
15,219130462.15,2021-12-16
16,217129783.96,2021-12-17
17,207433680.42,2021-12-18
18,192122606.91,2021-12-19
19,214755305.19,2021-12-20
20,216557741.6,2021-12-21
21,216461811.43,2021-12-22
22,213080134.82,2021-12-23
23,197263727.32,2021-12-24
24,175769793.31,2021-12-25
25,184367295.65,2021-12-26
26,208977010.39,2021-12-27
27,209586419.72,2021-12-28
28,207256813.61,2021-12-29
29,203614873.8,2021-12-30
30,186399882.01,2021-12-31
0,165336259.4,2022-01-01
1,173827993.35,2022-01-02
2,196037743.34,2022-01-03
3,202268953.5,2022-01-04
4,203458349.15,2022-01-05
5,204476066.24,2022-01-06
6,205311305.71,2022-01-07
7,199685371.62,2022-01-08
8,183313638.29,2022-01-09
9,184680174.93,2022-01-10
10,202950267.01,2022-01-11
11,207120426.61,2022-01-12
12,208434438.22,2022-01-13
13,208713703.95,2022-01-14
14,200750814.96,2022-01-15
15,187312388.38,2022-01-16
16,210114905.9,2022-01-17
17,213032447.17,2022-01-18
18,214180771.31,2022-01-19
19,215926734.11,2022-01-20
20,218244259.96,2022-01-21
21,208072350.12,2022-01-22
22,190127910.66,2022-01-23
23,213020198.39,2022-01-24
24,215079528.93,2022-01-25
25,215331663.78,2022-01-26
26,216269881.48,2022-01-27
27,216321545.8,2022-01-28
28,205766154.76,2022-01-29
29,184552458.7,2022-01-30
30,208188913.09,2022-01-31
0,213647304.04,2022-02-01
1,216270784.12,2022-02-02
2,218032400.7,2022-02-03
3,218325120.49,2022-02-04
4,206844450.53,2022-02-05
5,186799522.17,2022-02-06
6,211023797.38,2022-02-07
7,212276340.32,2022-02-08
8,212780379.29,2022-02-09
9,213031430.84,2022-02-10
10,215995023.25,2022-02-11
11,208769770.82,2022-02-12
12,191537842.09,2022-02-13
13,213340459.2,2022-02-14
14,213255339.6,2022-02-15
15,213718442.79,2022-02-16
16,217117464.51,2022-02-17
17,215257596.53,2022-02-18
18,205956913.75,2022-02-19
19,186987449.81,2022-02-20
20,211940532.58,2022-02-21
21,216470123.4,2022-02-22
22,218250212.02,2022-02-23
23,217909663.65,2022-02-24
24,217791371.64,2022-02-25
25,207796263.11,2022-02-26
26,188351506.5,2022-02-27
27,208874493.49,2022-02-28
0,212583786.53,2022-03-01
1,213031570.79,2022-03-02
2,214088116.15,2022-03-03
3,215628300.85,2022-03-04
4,207032566.02,2022-03-05
5,184764789.66,2022-03-06
6,210254180.96,2022-03-07
7,216013744.91,2022-03-08
8,215963889.09,2022-03-09
9,215944006.8,2022-03-10
10,215918602.69,2022-03-11
11,207050714.53,2022-03-12
12,186868384.65,2022-03-13
13,214555408.17,2022-03-14
14,217067724.01,2022-03-15
15,218784857.35,2022-03-16
16,218567844.1,2022-03-17
17,219387987.27,2022-03-18
18,209379118.34,2022-03-19
19,190225547.83,2022-03-20
20,193407954.04,2022-03-21
21,216306274.74,2022-03-22
22,218965698.43,2022-03-23
23,221903412.25,2022-03-24
24,222200913.84,2022-03-25
25,210577160.55,2022-03-26
26,189482117.18,2022-03-27
27,211456175.17,2022-03-28
28,214188316.02,2022-03-29
29,216126745.37,2022-03-30
30,217579422.64,2022-03-31
0,217029263.27,2022-04-01
1,209673274.76,2022-04-02
2,191640494.3,2022-04-03
3,211623895.29,2022-04-04
4,217393202.8,2022-04-05
5,221836684.05,2022-04-06
6,221120874.77,2022-04-07
7,220183699.15,2022-04-08
8,212850431.73,2022-04-09
9,196683888.78,2022-04-10
10,219158717.37,2022-04-11
11,221196526.23,2022-04-12
12,216989629.48,2022-04-13
13,193197746.76,2022-04-14
14,183628991.9,2022-04-15
15,193411744.78,2022-04-16
16,185701266.91,2022-04-17
17,212993614.1,2022-04-18
18,211841367.59,2022-04-19
19,210136620.3,2022-04-20
20,212409847.97,2022-04-21
21,212251732.89,2022-04-22
22,205462322.86,2022-04-23
23,191584382.46,2022-04-24
24,210924022.77,2022-04-25
25,215730203.08,2022-04-26
26,217594449.76,2022-04-27
27,214297414.54,2022-04-28
28,215185064.63,2022-04-29
29,208626932.08,2022-04-30
